Université;Pays;Année;Accord;Nombre S7;Nombre S8;Nombre S9;Latitude;Longitude;;;;;;;;;;;;;;;;;
Hong Kong University;Chine;2013-2014;Bilatéral;0;0;1;22,26861;114,12924;;;;;;;;;;;;;;;;;
Universidad Nacional Agraria La Molina;Pérou;2013-2014;Bilatéral;0;1;0;-12,0880691;76,9466135;;;;;;;;;;;;;;;;;
University of Kwazulu-Natal;Afrique du Sud;2013-2014;Bilatéral;0;3;0;-29,8680551;30,978412;;;;;;;;;;;;;;;;;
Universidad de Baja California - ENSENADA ;Mexique;2013-2014;MEXFITEC;0;2;0;31,856224;-116,608461;;;;;;;;;;;;;;;;;
Universidad de Guadalajara ;Mexique;2013-2014;MEXFITEC;0;2;0;20,67534065;-103,3589859;;;;;;;;;;;;;;;;;
Universidade Estadual de Londrina;Brésil;2013-2014;BRAFAGRI;0;1;0;23,3249735;-51,201804;;;;;;;;;;;;;;;;;
"Escola Superior de Agricultura ""Luiz de Queiroz"" ESALQ";Brésil;2013-2014;BRAFAGRI;0;1;0;-22,7075612;-47,6286357;;;;;;;;;;;;;;;;;
"Wageningen University
";Pays-bas;2013-2014;ERASMUS;0;7;0;51,985445;5,663212;;;;;;;;;;;;;;;;;
"Norwegian University of Life Sciences 
";Norvège;2013-2014;ERASMUS;0;3;0;59,667874;10,7617344;;;;;;;;;;;;;;;;;
"Corvinus University 
";Hongrie;2013-2014;ERASMUS;0;2;0;47,4863023;19,0580989;;;;;;;;;;;;;;;;;
"Godollo
";Hongrie;2013-2014;ERASMUS;0;2;0;47,5937498;19,3633947;;;;;;;;;;;;;;;;;
University of Helsinki ;Finlande;2013-2014;ERASMUS;0;4;0;60,1756483;24,95355;;;;;;;;;;;;;;;;;
Universita degli Studi di Padoue ;Italie;2013-2014;ERASMUS;0;1;0;45,4036716;11,8768208;;;;;;;;;;;;;;;;;
"SRUC
";Ecosse;2013-2014;ERASMUS;0;4;0;55,9214073;-3,1770584;;;;;;;;;;;;;;;;;
"Maich 
";Grèce;2013-2014;ERASMUS;0;4;0;35,51124;24,02921;;;;;;;;;;;;;;;;;
"Boku
";Autriche;2013-2014;ERASMUS;0;4;0;48,2365408;16,3361712;;;;;;;;;;;;;;;;;
Universiteit Gent ;Belgique;2013-2014;ERASMUS;0;3;0;51,0359404;3,7232481;;;;;;;;;;;;;;;;;
Universiteit Leuven ;Belgique;2013-2014;ERASMUS;0;2;0;50,87959;4,70093;;;;;;;;;;;;;;;;;
Czech University ;République Tchèque;2013-2014;ERASMUS;0;5;0;50,1301754;14,3737163;;;;;;;;;;;;;;;;;
Universitad Politecnica de Madrid ;Espagne;2013-2014;ERASMUS;0;1;0;40,4404332;-3,7310299;;;;;;;;;;;;;;;;;
"Hong Kong University 
";Chine;2014-2015;Bilatéral;0;0;1;0;0;;;;;;;;;;;;;;;;;
Universidad Nacional Agraria La Molina;Pérou;2014-2015;Bilatéral;0;0;0;-12,0880691;76,9466135;;;;;;;;;;;;;;;;;
Universidad Nacional San Marco;Pérou;2014-2015;Bilatéral;0;0;1;-12,0575838;-77,08326;;;;;;;;;;;;;;;;;
Lincoln University;Nouvelle-Zélande;2014-2015;Bilatéral;0;1;0;-43,644314;172,4653325;;;;;;;;;;;;;;;;;
University of Kwazulu-Natal;Afrique du Sud;2014-2015;Bilatéral;0;0;0;-29,8680551;30,978412;;;;;;;;;;;;;;;;;
Universidad de Buenos Aires;Argentine;2014-2015;ARFITEC;0;2;0;-34,5087115;-58,6883791;;;;;;;;;;;;;;;;;
Universidad de Baja California - ENSENADA ;Mexique;2014-2015;MEXFITEC;0;0;1;31,856224;-116,608461;;;;;;;;;;;;;;;;;
Universidad de Guadalajara ;Mexique;2014-2015;MEXFITEC;0;3;0;20,67534065;-103,3589859;;;;;;;;;;;;;;;;;
Universidade Estadual de Londrina;Brésil;2014-2015;BRAFAGRI;0;2;0;23,3249735;-51,201804;;;;;;;;;;;;;;;;;
"Escola Superior de Agricultura ""Luiz de Queiroz"" ESALQ
";Brésil;2014-2015;BRAFAGRI;0;1;0;-22,7075612;-47,6286357;;;;;;;;;;;;;;;;;
Universidade Estadual Paulista Julio de Mesquita Filho - UNESP;Brésil;2014-2015;BRAFITEC;0;1;0;-23,98138809;-48,88452911;;;;;;;;;;;;;;;;;
Universidade Federal Rural de Pernambuco;Brésil;2014-2015;BRAFAGRI;0;1;0;-8,0145172;-34,9508334;;;;;;;;;;;;;;;;;
Universitat Bonn;Allemagne;2014-2015;ERASMUS;0;1;0;50,7054928;7,1298492;;;;;;;;;;;;;;;;;
"Wageningen University
";Pays-bas;2014-2015;ERASMUS;0;1;1;51,985445;5,663212;;;;;;;;;;;;;;;;;
"Norwegian University of Life Sciences 
";Norvège;2014-2015;ERASMUS;0;3;0;59,667874;10,7617344;;;;;;;;;;;;;;;;;
"Corvinus University 
";Hongrie;2014-2015;ERASMUS;0;2;0;47,4863023;19,0580989;;;;;;;;;;;;;;;;;
"Godollo
";Hongrie;2014-2015;ERASMUS;0;2;0;47,5937498;19,3633947;;;;;;;;;;;;;;;;;
"University of Helsinki 
";Finlande;2014-2015;ERASMUS;0;6;0;60,1756483;24,95355;;;;;;;;;;;;;;;;;
"Universita degli Studi di Padoue 
";Italie;2014-2015;ERASMUS;0;1;0;45,4036716;11,8768208;;;;;;;;;;;;;;;;;
"SRUC
";Ecosse;2014-2015;ERASMUS;0;5;0;55,9214073;-3,1770584;;;;;;;;;;;;;;;;;
"Maich 
";Grèce;2014-2015;ERASMUS;0;1;0;35,51124;24,02921;;;;;;;;;;;;;;;;;
"Boku
";Autriche;2014-2015;ERASMUS;0;5;0;48,2365408;16,3361712;;;;;;;;;;;;;;;;;
Universiteit Gent ;Belgique;2014-2015;ERASMUS;0;3;0;51,0359404;3,7232481;;;;;;;;;;;;;;;;;
Universiteit Leuven ;Belgique;2014-2015;ERASMUS;0;0;0;50,87959;4,70093;;;;;;;;;;;;;;;;;
Czech University ;République Tchèque;2014-2015;ERASMUS;0;4;0;50,1301754;14,3737163;;;;;;;;;;;;;;;;;
Universidad Politecnica de Valence;Espagne;2014-2015;ERASMUS;0;5;0;39,33333;-0,83333;;;;;;;;;;;;;;;;;
Universitad Politecnica de Madrid ;Espagne;2014-2015;ERASMUS;0;2;0;40,4404332;-3,7310299;;;;;;;;;;;;;;;;;
Universidad de Lleida;Espagne;2014-2015;ERASMUS;0;1;0;41,61878;0,57472;;;;;;;;;;;;;;;;;
"Hong Kong University 
";Chine;2015-2016;Bilatéral;0;0;2;22,26861;114,12924;;;;;;;;;;;;;;;;;
University of Georgie;USA;2015-2016;Bilatéral;0;0;1;33,9404278;-83,373049;;;;;;;;;;;;;;;;;
Université Laval;Canada;2015-2016;Bilatéral;0;0;1;46,7815396;-71,2765369;;;;;;;;;;;;;;;;;
Universidad Nacional Agraria La Molina;Pérou;2015-2016;Bilatéral;0;0;0;-12,0880691;76,9466135;;;;;;;;;;;;;;;;;
Universidad Nacional San Marco;Pérou;2015-2016;Bilatéral;0;0;0;-12,0575838;-77,08326;;;;;;;;;;;;;;;;;
Lincoln University;Nouvelle-Zélande;2015-2016;Bilatéral;0;5;0;-43,644314;172,4653325;;;;;;;;;;;;;;;;;
University of Kwazulu-Natal;Afrique du Sud;2015-2016;Bilatéral;0;0;0;-29,8680551;30,978412;;;;;;;;;;;;;;;;;
Universidad Nacional de Quilmes;Argentine;2015-2016;ARFAGRI;0;1;0;-34,7063811;-58,2785207;;;;;;;;;;;;;;;;;
Universidad Nacional del Litoral;Argentine;2015-2016;ARFAGRI;0;3;0;-31,6346852;-60,7051461;;;;;;;;;;;;;;;;;
Universidad Nacional del Sur-Bahia Blanca;Argentine;2015-2016;ARFAGRI;0;1;0;-38,6943186;-62,247165;;;;;;;;;;;;;;;;;
Universidad de Baja California - ENSENADA ;Mexique;2015-2016;MEXFITEC;0;0;0;31,856224;-116,608461;;;;;;;;;;;;;;;;;
Universidad de Guadalajara ;Mexique;2015-2016;MEXFITEC;0;0;1;20,67534065;-103,3589859;;;;;;;;;;;;;;;;;
Universidade Estadual de Londrina;Brésil;2015-2016;BRAFAGRI;0;0;0;23,3249735;-51,201804;;;;;;;;;;;;;;;;;
"Escola Superior de Agricultura ""Luiz de Queiroz"" ESALQ
";Brésil;2015-2016;BRAFAGRI;0;0;0;-22,7075612;-47,6286357;;;;;;;;;;;;;;;;;
Universidade Estadual Paulista Julio de Mesquita Filho - UNESP;Brésil;2015-2016;BRAFITEC;0;0;0;-23,98138809;-48,88452911;;;;;;;;;;;;;;;;;
Universidade Federal Rural de Pernambuco;Brésil;2015-2016;BRAFAGRI;0;0;0;-8,0145172;-34,9508334;;;;;;;;;;;;;;;;;
Universitat Bonn;Allemagne;2015-2016;ERASMUS;0;1;0;50,7054928;7,1298492;;;;;;;;;;;;;;;;;
"Wageningen University
";Pays-bas;2015-2016;ERASMUS;0;0;2;51,985445;5,663212;;;;;;;;;;;;;;;;;
"Norwegian University of Life Sciences 
";Norvège;2015-2016;ERASMUS;0;2;0;59,667874;10,7617344;;;;;;;;;;;;;;;;;
"Corvinus University 
";Hongrie;2015-2016;ERASMUS;0;2;0;47,4863023;19,0580989;;;;;;;;;;;;;;;;;
"Godollo
";Hongrie;2015-2016;ERASMUS;0;1;0;47,5937498;19,3633947;;;;;;;;;;;;;;;;;
"University of Helsinki 
";Finlande;2015-2016;ERASMUS;0;5;0;60,1756483;24,95355;;;;;;;;;;;;;;;;;
Lund University;Suède;2015-2016;ERASMUS;0;1;0;55,7126504;13,2107587;;;;;;;;;;;;;;;;;
"Universita degli Studi di Padoue 
";Italie;2015-2016;ERASMUS;0;3;0;45,4036716;11,8768208;;;;;;;;;;;;;;;;;
"SRUC
";Ecosse;2015-2016;ERASMUS;0;6;0;55,9214073;-3,1770584;;;;;;;;;;;;;;;;;
"Maich 
";Grèce;2015-2016;ERASMUS;0;0;0;35,51124;24,02921;;;;;;;;;;;;;;;;;
Kavala;Grèce;2015-2016;ERASMUS;0;8;0;40,9369224;24,4122766;;;;;;;;;;;;;;;;;
"Boku
";Autriche;2015-2016;ERASMUS;0;6;0;48,2365408;16,3361712;;;;;;;;;;;;;;;;;
Universiteit Gent ;Belgique;2015-2016;ERASMUS;0;1;0;51,0359404;3,7232481;;;;;;;;;;;;;;;;;
Universiteit Leuven ;Belgique;2015-2016;ERASMUS;0;0;0;50,87959;4,70093;;;;;;;;;;;;;;;;;
Czech University ;République Tchèque;2015-2016;ERASMUS;0;4;0;50,1301754;14,3737163;;;;;;;;;;;;;;;;;
Universidad Politecnica de Valence;Espagne;2015-2016;ERASMUS;0;4;0;39,33333;-0,83333;;;;;;;;;;;;;;;;;
Universitad Politecnica de Madrid ;Espagne;2015-2016;ERASMUS;0;2;0;40,4404332;-3,7310299;;;;;;;;;;;;;;;;;
Universidad de Lleida;Espagne;2015-2016;ERASMUS;0;0;0;41,61878;0,57472;;;;;;;;;;;;;;;;;
"Hong Kong University 
";Chine;2016-2017;Bilatéral;0;0;1;22,26861;114,12924;;;;;;;;;;;;;;;;;
University of Georgie;USA;2016-2017;Bilatéral;0;0;0;33,9404278;-83,373049;;;;;;;;;;;;;;;;;
Université Laval;Canada;2016-2017;Bilatéral;0;0;0;46,7815396;-71,2765369;;;;;;;;;;;;;;;;;
Universidad Nacional Agraria La Molina;Pérou;2016-2017;Bilatéral;0;0;0;-12,0880691;76,9466135;;;;;;;;;;;;;;;;;
Universidad Nacional San Marco;Pérou;2016-2017;Bilatéral;0;0;0;-12,0575838;-77,08326;;;;;;;;;;;;;;;;;
Lincoln University;Nouvelle-Zélande;2016-2017;Bilatéral;0;1;0;-43,644314;172,4653325;;;;;;;;;;;;;;;;;
University of Kwazulu-Natal;Afrique du Sud;2016-2017;Bilatéral;0;0;0;-29,8680551;30,978412;;;;;;;;;;;;;;;;;
Universidad Nacional de Quilmes;Argentine;2016-2017;ARFAGRI;0;0;0;-34,7063811;-58,2785207;;;;;;;;;;;;;;;;;
Universidad Nacional del Litoral;Argentine;2016-2017;ARFAGRI;0;1;0;-31,6346852;-60,7051461;;;;;;;;;;;;;;;;;
Universidad Nacional del Sur-Bahia Blanca;Argentine;2016-2017;ARFAGRI;0;1;0;-38,6943186;-62,247165;;;;;;;;;;;;;;;;;
Universidad de Baja California - ENSENADA ;Mexique;2016-2017;MEXFITEC;0;0;0;31,856224;-116,608461;;;;;;;;;;;;;;;;;
Universidad de Guadalajara ;Mexique;2016-2017;MEXFITEC;0;0;0;20,67534065;-103,3589859;;;;;;;;;;;;;;;;;
Universidade Estadual de Londrina;Brésil;2016-2017;BRAFAGRI;0;0;0;23,3249735;-51,201804;;;;;;;;;;;;;;;;;
"Escola Superior de Agricultura ""Luiz de Queiroz"" ESALQ
";Brésil;2016-2017;BRAFAGRI;0;0;0;-22,7075612;-47,6286357;;;;;;;;;;;;;;;;;
Universidade Estadual Paulista Julio de Mesquita Filho - UNESP;Brésil;2016-2017;BRAFITEC;0;0;0;-23,98138809;-48,88452911;;;;;;;;;;;;;;;;;
Universidade Federal Rural de Pernambuco;Brésil;2016-2017;BRAFAGRI;0;0;0;-8,0145172;-34,9508334;;;;;;;;;;;;;;;;;
Institut National Agronomique de Tunis;Tunisie;2016-2017;;0;1;0;36,8305938;10,1829614;;;;;;;;;;;;;;;;;
Universitat Bonn;Allemagne;2016-2017;ERASMUS;0;0;0;50,7054928;7,1298492;;;;;;;;;;;;;;;;;
"Wageningen University
";Pays-bas;2016-2017;ERASMUS;0;2;0;51,985445;5,663212;;;;;;;;;;;;;;;;;
"Norwegian University of Life Sciences 
";Norvège;2016-2017;ERASMUS;0;3;0;59,667874;10,7617344;;;;;;;;;;;;;;;;;
"Corvinus University 
";Hongrie;2016-2017;ERASMUS;0;0;0;47,4863023;19,0580989;;;;;;;;;;;;;;;;;
"Godollo
";Hongrie;2016-2017;ERASMUS;0;2;0;47,5937498;19,3633947;;;;;;;;;;;;;;;;;
"University of Helsinki 
";Finlande;2016-2017;ERASMUS;0;2;0;60,1756483;24,95355;;;;;;;;;;;;;;;;;
Lund University;Suède;2016-2017;ERASMUS;0;0;0;55,7126504;13,2107587;;;;;;;;;;;;;;;;;
"Universita degli Studi di Padoue 
";Italie;2016-2017;ERASMUS;0;3;0;45,4036716;11,8768208;;;;;;;;;;;;;;;;;
"SRUC
";Ecosse;2016-2017;ERASMUS;0;6;0;55,9214073;-3,1770584;;;;;;;;;;;;;;;;;
"Maich 
";Grèce;2016-2017;ERASMUS;0;0;0;35,51124;24,02921;;;;;;;;;;;;;;;;;
Kavala;Grèce;2016-2017;ERASMUS;0;2;0;40,9369224;24,4122766;;;;;;;;;;;;;;;;;
"Boku
";Autriche;2016-2017;ERASMUS;0;2;0;48,2365408;16,3361712;;;;;;;;;;;;;;;;;
Universiteit Gent ;Belgique;2016-2017;ERASMUS;0;0;0;51,0359404;3,7232481;;;;;;;;;;;;;;;;;
Universiteit Leuven ;Belgique;2016-2017;ERASMUS;0;0;0;50,87959;4,70093;;;;;;;;;;;;;;;;;
Czech University ;République Tchèque;2016-2017;ERASMUS;0;2;0;50,1301754;14,3737163;;;;;;;;;;;;;;;;;
Universidad Politecnica de Valence;Espagne;2016-2017;ERASMUS;0;1;0;39,33333;-0,83333;;;;;;;;;;;;;;;;;
Universitad Politecnica de Madrid ;Espagne;2016-2017;ERASMUS;0;0;0;40,4404332;-3,7310299;;;;;;;;;;;;;;;;;
Universidad de Lleida;Espagne;2016-2017;ERASMUS;0;0;0;41,61878;0,57472;;;;;;;;;;;;;;;;;
"Hong Kong University 
";Chine;2017-2018;Bilatéral;0;0;1;22,26861;114,12924;;;;;;;;;;;;;;;;;
University of Georgie;USA;2017-2018;Bilatéral;0;0;0;33,9404278;-83,373049;;;;;;;;;;;;;;;;;
Université Laval;Canada;2017-2018;Bilatéral;0;0;1;46,7815396;-71,2765369;;;;;;;;;;;;;;;;;
St Petersburg Polytechnic University;Russie;2017-2018;Bilatéral;0;1;0;60,005928;30,3767416;;;;;;;;;;;;;;;;;
Universidad Nacional Agraria La Molina;Pérou;2017-2018;Bilatéral;0;0;0;-12,0880691;76,9466135;;;;;;;;;;;;;;;;;
Universidad Nacional San Marco;Pérou;2017-2018;Bilatéral;0;0;0;-12,0575838;-77,08326;;;;;;;;;;;;;;;;;
Lincoln University;Nouvelle-Zélande;2017-2018;Bilatéral;0;0;0;-43,644314;172,4653325;;;;;;;;;;;;;;;;;
University of Kwazulu-Natal;Afrique du Sud;2017-2018;Bilatéral;0;0;0;-29,8680551;30,978412;;;;;;;;;;;;;;;;;
Universidad Nacional de Quilmes;Argentine;2017-2018;ARFAGRI;0;0;0;-34,7063811;-58,2785207;;;;;;;;;;;;;;;;;
Universidad Nacional del Litoral;Argentine;2017-2018;ARFAGRI;0;0;0;-31,6346852;-60,7051461;;;;;;;;;;;;;;;;;
Universidad Nacional del Sur-Bahia Blanca;Argentine;2017-2018;ARFAGRI;0;1;0;-38,6943186;-62,247165;;;;;;;;;;;;;;;;;
Universidad de Rio Cuarto;Argentine;2017-2018;ARFAGRI;0;1;0;-33,1145141;-64,3016674;;;;;;;;;;;;;;;;;
Universidad Nacional de Cuyo;Argentine;2017-2018;ARFAGRI;0;1;0;-34,6126638;-68,3271322;;;;;;;;;;;;;;;;;
Universidad de Baja California - ENSENADA ;Mexique;2017-2018;MEXFITEC;0;0;0;31,856224;-116,608461;;;;;;;;;;;;;;;;;
Universidad de Guadalajara ;Mexique;2017-2018;MEXFITEC;0;0;0;20,67534065;-103,3589859;;;;;;;;;;;;;;;;;
Universidade Federal do Rio de Janeiro;Brésil;2017-2018;BRAFITEC;0;1;0;-22,8533498;-43,2331703;;;;;;;;;;;;;;;;;
Universidade se Sao Paulo - ESALQ;Brésil;2017-2018;BRAFIAGRI;0;0;0;-23,5879351;-46,6514106;;;;;;;;;;;;;;;;;
Universidade Estadual de Londrina;Brésil;2017-2018;BRAFAGRI;0;0;0;23,3249735;-51,201804;;;;;;;;;;;;;;;;;
"Escola Superior de Agricultura ""Luiz de Queiroz"" ESALQ
";Brésil;2017-2018;BRAFAGRI;0;0;0;-22,7075612;-47,6286357;;;;;;;;;;;;;;;;;
Universidade Estadual Paulista Julio de Mesquita Filho - UNESP;Brésil;2017-2018;BRAFITEC;0;0;0;-23,98138809;-48,88452911;;;;;;;;;;;;;;;;;
Universidade Federal Rural de Pernambuco;Brésil;2017-2018;BRAFAGRI;0;0;0;-8,0145172;-34,9508334;;;;;;;;;;;;;;;;;
Institut National Agronomique de Tunis;Tunisie;2017-2018;;0;0;0;36,8305938;10,1829614;;;;;;;;;;;;;;;;;
Universitat Gottingen;Allemagne;2017-2018;ERASMUS;0;1;0;51,5592251;9,9524442;;;;;;;;;;;;;;;;;
Universitat zu Kiel;Allemagne;2017-2018;ERASMUS;0;1;0;54,3458218;10,113073;;;;;;;;;;;;;;;;;
Universitat Bonn;Allemagne;2017-2018;ERASMUS;0;1;0;50,7054928;7,1298492;;;;;;;;;;;;;;;;;
"Wageningen University
";Pays-bas;2017-2018;ERASMUS;0;2;0;51,985445;5,663212;;;;;;;;;;;;;;;;;
"Norwegian University of Life Sciences 
";Norvège;2017-2018;ERASMUS;0;0;0;59,667874;10,7617344;;;;;;;;;;;;;;;;;
NMBU;Norvège;2017-2018;ERASMUS;0;2;0;59,667874;10,7617344;;;;;;;;;;;;;;;;;
"Corvinus University 
";Hongrie;2017-2018;ERASMUS;0;0;0;47,4863023;19,0580989;;;;;;;;;;;;;;;;;
"Godollo
";Hongrie;2017-2018;ERASMUS;0;0;0;47,5937498;19,3633947;;;;;;;;;;;;;;;;;
"University of Helsinki 
";Finlande;2017-2018;ERASMUS;0;2;0;60,1756483;24,95355;;;;;;;;;;;;;;;;;
Lund University;Suède;2017-2018;ERASMUS;0;0;0;55,7126504;13,2107587;;;;;;;;;;;;;;;;;
"Universita degli Studi di Padoue 
";Italie;2017-2018;ERASMUS;0;3;0;45,4036716;11,8768208;;;;;;;;;;;;;;;;;
Universita Bologna;Italie;2017-2018;ERASMUS;0;1;0;44,4351271;11,4857979;;;;;;;;;;;;;;;;;
"SRUC
";Ecosse;2017-2018;ERASMUS;0;6;0;55,9214073;-3,1770584;;;;;;;;;;;;;;;;;
"Maich 
";Grèce;2017-2018;ERASMUS;0;0;0;35,51124;24,02921;;;;;;;;;;;;;;;;;
Kavala;Grèce;2017-2018;ERASMUS;0;6;0;40,9369224;24,4122766;;;;;;;;;;;;;;;;;
"Boku
";Autriche;2017-2018;ERASMUS;0;6;0;48,2365408;16,3361712;;;;;;;;;;;;;;;;;
Universiteit Gent ;Belgique;2017-2018;ERASMUS;0;2;0;51,0359404;3,7232481;;;;;;;;;;;;;;;;;
Universiteit Leuven ;Belgique;2017-2018;ERASMUS;0;0;0;50,87959;4,70093;;;;;;;;;;;;;;;;;
Czech University ;République Tchèque;2017-2018;ERASMUS;0;4;0;50,1301754;14,3737163;;;;;;;;;;;;;;;;;
Universidad Politecnica de Valence;Espagne;2017-2018;ERASMUS;0;2;0;39,33333;-0,83333;;;;;;;;;;;;;;;;;
Universitad Politecnica de Madrid ;Espagne;2017-2018;ERASMUS;0;0;0;40,4404332;-3,7310299;;;;;;;;;;;;;;;;;
Universidad de Lleida;Espagne;2017-2018;ERASMUS;0;0;0;41,61878;0,57472;;;;;;;;;;;;;;;;;
"Hong Kong University 
";Chine;2018-2019;Bilatéral;0;0;0;22,26861;114,12924;;;;;;;;;;;;;;;;;
University of Georgie;USA;2018-2019;Bilatéral;0;0;0;33,9404278;-83,373049;;;;;;;;;;;;;;;;;
Université Laval;Canada;2018-2019;Bilatéral;0;3;0;46,7815396;-71,2765369;;;;;;;;;;;;;;;;;
St Petersburg Polytechnic University;Russie;2018-2019;Bilatéral;0;0;0;60,005928;30,3767416;;;;;;;;;;;;;;;;;
Universidad Nacional Agraria La Molina;Pérou;2018-2019;Bilatéral;0;0;0;-12,0880691;76,9466135;;;;;;;;;;;;;;;;;
Universidad Nacional San Marco;Pérou;2018-2019;Bilatéral;0;0;0;-12,0575838;-77,08326;;;;;;;;;;;;;;;;;
Lincoln University;Nouvelle-Zélande;2018-2019;Bilatéral;0;2;0;-43,644314;172,4653325;;;;;;;;;;;;;;;;;
Auckland University;Nouvelle-Zélande;2018-2019;Bilatéral;0;1;0;-36,8660955;174,7737331;;;;;;;;;;;;;;;;;
University of Kwazulu-Natal;Afrique du Sud;2018-2019;Bilatéral;0;0;0;-29,8680551;30,978412;;;;;;;;;;;;;;;;;
Universidad Nacional de Quilmes;Argentine;2018-2019;ARFAGRI;0;1;0;-34,7063811;-58,2785207;;;;;;;;;;;;;;;;;
Universidad Nacional del Litoral;Argentine;2018-2019;ARFAGRI;0;0;0;-31,6346852;-60,7051461;;;;;;;;;;;;;;;;;
Universidad Nacional del Sur-Bahia Blanca;Argentine;2018-2019;ARFAGRI;0;0;0;-38,6943186;-62,247165;;;;;;;;;;;;;;;;;
Universidad de Rio Cuarto;Argentine;2018-2019;ARFAGRI;0;0;0;-33,1145141;-64,3016674;;;;;;;;;;;;;;;;;
Universidad Nacional de Cuyo;Argentine;2018-2019;ARFAGRI;0;0;0;-34,6126638;-68,3271322;;;;;;;;;;;;;;;;;
Universidad de Baja California - ENSENADA ;Mexique;2018-2019;MEXFITEC;0;0;0;31,856224;-116,608461;;;;;;;;;;;;;;;;;
Universidad de Guadalajara ;Mexique;2018-2019;MEXFITEC;0;0;0;20,67534065;-103,3589859;;;;;;;;;;;;;;;;;
Universidade Federal do Rio de Janeiro;Brésil;2018-2019;BRAFITEC;0;0;0;-22,8533498;-43,2331703;;;;;;;;;;;;;;;;;
Universidade se Sao Paulo - ESALQ;Brésil;2018-2019;BRAFIAGRI;0;1;0;-23,5879351;-46,6514106;;;;;;;;;;;;;;;;;
Universidade Estadual de Londrina;Brésil;2018-2019;BRAFAGRI;0;0;0;23,3249735;-51,201804;;;;;;;;;;;;;;;;;
"Escola Superior de Agricultura ""Luiz de Queiroz"" ESALQ
";Brésil;2018-2019;BRAFAGRI;0;0;0;-22,7075612;-47,6286357;;;;;;;;;;;;;;;;;
Universidade Estadual Paulista Julio de Mesquita Filho - UNESP;Brésil;2018-2019;BRAFITEC;0;0;0;-23,98138809;-48,88452911;;;;;;;;;;;;;;;;;
Universidade Federal Rural de Pernambuco;Brésil;2018-2019;BRAFAGRI;0;0;0;-8,0145172;-34,9508334;;;;;;;;;;;;;;;;;
Institut National Agronomique de Tunis;Tunisie;2018-2019;Bilatéral;0;0;0;36,8305938;10,1829614;;;;;;;;;;;;;;;;;
Université Libanaise;Liban;2018-2019;Bilatéral;0;1;0;33,8735083;35,5445186;;;;;;;;;;;;;;;;;
Universitat Gottingen;Allemagne;2018-2019;ERASMUS;0;1;0;51,5592251;9,9524442;;;;;;;;;;;;;;;;;
Universitat zu Kiel;Allemagne;2018-2019;ERASMUS;0;2;0;54,3458218;10,113073;;;;;;;;;;;;;;;;;
Universitat Bonn;Allemagne;2018-2019;ERASMUS;0;0;0;50,7054928;7,1298492;;;;;;;;;;;;;;;;;
"Wageningen University
";Pays-bas;2018-2019;ERASMUS;0;2;0;51,985445;5,663212;;;;;;;;;;;;;;;;;
"Norwegian University of Life Sciences 
";Norvège;2018-2019;ERASMUS;0;0;0;59,667874;10,7617344;;;;;;;;;;;;;;;;;
NMBU;Norvège;2018-2019;ERASMUS;0;3;0;59,667874;10,7617344;;;;;;;;;;;;;;;;;
"Corvinus University 
";Hongrie;2018-2019;ERASMUS;0;0;0;47,4863023;19,0580989;;;;;;;;;;;;;;;;;
"Godollo
";Hongrie;2018-2019;ERASMUS;0;1;0;47,5937498;19,3633947;;;;;;;;;;;;;;;;;
"University of Helsinki 
";Finlande;2018-2019;ERASMUS;0;7;0;60,1756483;24,95355;;;;;;;;;;;;;;;;;
Lund University;Suède;2018-2019;ERASMUS;0;0;0;55,7126504;13,2107587;;;;;;;;;;;;;;;;;
"Universita degli Studi di Padoue 
";Italie;2018-2019;ERASMUS;0;2;0;45,4036716;11,8768208;;;;;;;;;;;;;;;;;
Universita Bologna;Italie;2018-2019;ERASMUS;0;1;0;44,4351271;11,4857979;;;;;;;;;;;;;;;;;
"SRUC
";Ecosse;2018-2019;ERASMUS;0;6;0;55,9214073;-3,1770584;;;;;;;;;;;;;;;;;
"Maich 
";Grèce;2018-2019;ERASMUS;0;0;0;35,51124;24,02921;;;;;;;;;;;;;;;;;
Kavala;Grèce;2018-2019;ERASMUS;0;0;0;40,9369224;24,4122766;;;;;;;;;;;;;;;;;
"Boku
";Autriche;2018-2019;ERASMUS;0;5;0;48,2365408;16,3361712;;;;;;;;;;;;;;;;;
Universiteit Gent ;Belgique;2018-2019;ERASMUS;0;2;0;51,0359404;3,7232481;;;;;;;;;;;;;;;;;
Universiteit Leuven ;Belgique;2018-2019;ERASMUS;0;0;0;50,87959;4,70093;;;;;;;;;;;;;;;;;
Czech University ;République Tchèque;2018-2019;ERASMUS;0;9;0;50,1301754;14,3737163;;;;;;;;;;;;;;;;;
Universidad Politecnica de Valence;Espagne;2018-2019;ERASMUS;0;0;0;39,33333;-0,83333;;;;;;;;;;;;;;;;;
Universitad Politecnica de Madrid ;Espagne;2018-2019;ERASMUS;0;1;0;40,4404332;-3,7310299;;;;;;;;;;;;;;;;;
Universidad de Lleida;Espagne;2018-2019;ERASMUS;0;0;0;41,61878;0,57472;;;;;;;;;;;;;;;;;
Universidad de Zaragoza;Espagne;2018-2019;ERASMUS;0;1;0;42,5685618;-0,5541882;;;;;;;;;;;;;;;;;
"Hong Kong University 
";Chine;2019-2020;Bilatéral;0;0;0;22,26861;114,12924;;;;;;;;;;;;;;;;;
University of Georgie;USA;2019-2020;Bilatéral;0;0;0;33,9404278;-83,373049;;;;;;;;;;;;;;;;;
Université Laval;Canada;2019-2020;Bilatéral;0;3;0;46,7815396;-71,2765369;;;;;;;;;;;;;;;;;
Sherbrooke University;Canada;2019-2020;Bilatéral;0;0;1;45,5051248;-73,573544;;;;;;;;;;;;;;;;;
St Petersburg Polytechnic University;Russie;2019-2020;Bilatéral;0;0;0;60,005928;30,3767416;;;;;;;;;;;;;;;;;
Universidad Nacional Agraria La Molina;Pérou;2019-2020;Bilatéral;0;0;0;-12,0880691;76,9466135;;;;;;;;;;;;;;;;;
Universidad Nacional San Marco;Pérou;2019-2020;Bilatéral;0;0;0;-12,0575838;-77,08326;;;;;;;;;;;;;;;;;
Western Sidney University;Australie;2019-2020;Bilatéral;0;1;0;-33,8879309;151,1850926;;;;;;;;;;;;;;;;;
Lincoln University;Nouvelle-Zélande;2019-2020;Bilatéral;0;4;0;-43,644314;172,4653325;;;;;;;;;;;;;;;;;
Auckland University;Nouvelle-Zélande;2019-2020;Bilatéral;0;0;0;-36,8660955;174,7737331;;;;;;;;;;;;;;;;;
University of Kwazulu-Natal;Afrique du Sud;2019-2020;Bilatéral;0;0;0;-29,8680551;30,978412;;;;;;;;;;;;;;;;;
Universidad Nacional de Quilmes;Argentine;2019-2020;ARFAGRI;0;3;0;-34,7063811;-58,2785207;;;;;;;;;;;;;;;;;
Universidad Nacional del Litoral;Argentine;2019-2020;ARFAGRI;0;2;0;-31,6346852;-60,7051461;;;;;;;;;;;;;;;;;
Universidad Nacional del Sur-Bahia Blanca;Argentine;2019-2020;ARFAGRI;0;3;0;-38,6943186;-62,247165;;;;;;;;;;;;;;;;;
Universidad de Rio Cuarto;Argentine;2019-2020;ARFAGRI;0;1;0;-33,1145141;-64,3016674;;;;;;;;;;;;;;;;;
Universidad Nacional de Cuyo;Argentine;2019-2020;ARFAGRI;0;2;0;-34,6126638;-68,3271322;;;;;;;;;;;;;;;;;
Universidad de Baja California - ENSENADA ;Mexique;2019-2020;MEXFITEC;0;0;0;31,856224;-116,608461;;;;;;;;;;;;;;;;;
Universidad de Guadalajara ;Mexique;2019-2020;MEXFITEC;0;0;0;20,67534065;-103,3589859;;;;;;;;;;;;;;;;;
Universidad Veracruzana;Mexique;2019-2020;MEXFITEC;0;1;0;20,524449;-97,4374069;;;;;;;;;;;;;;;;;
Universidad Autonoma de Yucatan;Mexique;2019-2020;MEXFITEC;0;1;0;20,9695859;-89,6230216;;;;;;;;;;;;;;;;;
Universidad de los Andes;Colombie;2019-2020;Bilatéral;0;1;0;4,6014047;-74,0649033;;;;;;;;;;;;;;;;;
Universidade Federal do Rio de Janeiro;Brésil;2019-2020;BRAFITEC;0;0;0;-22,8533498;-43,2331703;;;;;;;;;;;;;;;;;
Universidade se Sao Paulo - ESALQ;Brésil;2019-2020;BRAFIAGRI;0;0;0;-23,5879351;-46,6514106;;;;;;;;;;;;;;;;;
Universidade Estadual de Londrina;Brésil;2019-2020;BRAFAGRI;0;0;0;23,3249735;-51,201804;;;;;;;;;;;;;;;;;
"Escola Superior de Agricultura ""Luiz de Queiroz"" ESALQ
";Brésil;2019-2020;BRAFAGRI;0;0;0;-22,7075612;-47,6286357;;;;;;;;;;;;;;;;;
Universidade Estadual Paulista Julio de Mesquita Filho - UNESP;Brésil;2019-2020;BRAFITEC;0;0;0;-23,98138809;-48,88452911;;;;;;;;;;;;;;;;;
Universidade Federal Rural de Pernambuco;Brésil;2019-2020;BRAFAGRI;0;0;0;-8,0145172;-34,9508334;;;;;;;;;;;;;;;;;
USTH;Vietnam;2019-2020;Bilatéral;0;0;2;21,0245;105,84117;;;;;;;;;;;;;;;;;
Institut National Agronomique de Tunis;Tunisie;2019-2020;Bilatéral;0;0;0;36,8305938;10,1829614;;;;;;;;;;;;;;;;;
Université Libanaise;Liban;2019-2020;Bilatéral;0;0;0;33,8735083;35,5445186;;;;;;;;;;;;;;;;;
Universitat Gottingen;Allemagne;2019-2020;ERASMUS;0;4;0;51,5592251;9,9524442;;;;;;;;;;;;;;;;;
Universitat zu Kiel;Allemagne;2019-2020;ERASMUS;0;2;0;54,3458218;10,113073;;;;;;;;;;;;;;;;;
Universitat Bonn;Allemagne;2019-2020;ERASMUS;0;0;0;50,7054928;7,1298492;;;;;;;;;;;;;;;;;
Beuth Hochschule fu Technik Berlin;Allemagne;2019-2020;ERASMUS;0;1;0;52,52437;13,41053;;;;;;;;;;;;;;;;;
"Wageningen University
";Pays-bas;2019-2020;ERASMUS;0;1;1;51,985445;5,663212;;;;;;;;;;;;;;;;;
"Norwegian University of Life Sciences 
";Norvège;2019-2020;ERASMUS;0;0;0;59,667874;10,7617344;;;;;;;;;;;;;;;;;
NMBU;Norvège;2019-2020;ERASMUS;0;1;0;59,667874;10,7617344;;;;;;;;;;;;;;;;;
"Corvinus University 
";Hongrie;2019-2020;ERASMUS;0;0;0;47,4863023;19,0580989;;;;;;;;;;;;;;;;;
"Godollo
";Hongrie;2019-2020;ERASMUS;0;3;0;47,5937498;19,3633947;;;;;;;;;;;;;;;;;
Buda;Hongrie;2019-2020;ERASMUS;0;2;0;47,4938673;19,0417582;;;;;;;;;;;;;;;;;
"University of Helsinki 
";Finlande;2019-2020;ERASMUS;0;4;0;60,1756483;24,95355;;;;;;;;;;;;;;;;;
Lund University;Suède;2019-2020;ERASMUS;0;1;0;55,7126504;13,2107587;;;;;;;;;;;;;;;;;
"Universita degli Studi di Padoue 
";Italie;2019-2020;ERASMUS;0;2;0;45,4036716;11,8768208;;;;;;;;;;;;;;;;;
Universita di Bari;Italie;2019-2020;ERASMUS;0;1;0;41,1076095;16,8830445;;;;;;;;;;;;;;;;;
Universita Bologna;Italie;2019-2020;ERASMUS;0;6;0;44,4351271;11,4857979;;;;;;;;;;;;;;;;;
"SRUC
";Ecosse;2019-2020;ERASMUS;0;3;0;55,9214073;-3,1770584;;;;;;;;;;;;;;;;;
"Maich 
";Grèce;2019-2020;ERASMUS;0;0;0;35,51124;24,02921;;;;;;;;;;;;;;;;;
Kavala;Grèce;2019-2020;ERASMUS;0;0;0;40,9369224;24,4122766;;;;;;;;;;;;;;;;;
Eastern Macedonia and Thrace Institute of Technology;Grèce;2019-2020;ERASMUS;0;1;0;40,5372069;23,0085438;;;;;;;;;;;;;;;;;
University of Rijeka;Croatie;2019-2020;ERASMUS;0;2;0;45,34306;14,40917;;;;;;;;;;;;;;;;;
"Boku
";Autriche;2019-2020;ERASMUS;0;5;0;48,2365408;16,3361712;;;;;;;;;;;;;;;;;
Universiteit Gent ;Belgique;2019-2020;ERASMUS;0;2;0;51,0359404;3,7232481;;;;;;;;;;;;;;;;;
Universiteit Leuven ;Belgique;2019-2020;ERASMUS;0;2;0;50,87959;4,70093;;;;;;;;;;;;;;;;;
Czech University ;République Tchèque;2019-2020;ERASMUS;0;10;;50,1301754;14,3737163;;;;;;;;;;;;;;;;;
Mendel University in Brno;République Tchèque;2019-2020;ERASMUS;0;1;0;49,2107528;16,6158204;;;;;;;;;;;;;;;;;
University of Tech and Sciences in Bydgoszcz;Pologne;2019-2020;ERASMUS;0;1;0;53,1235;18,00762;;;;;;;;;;;;;;;;;
Universidad Politecnica de Valence;Espagne;2019-2020;ERASMUS;0;0;0;39,33333;-0,83333;;;;;;;;;;;;;;;;;
Universitad Politecnica de Madrid ;Espagne;2019-2020;ERASMUS;0;0;0;40,4404332;-3,7310299;;;;;;;;;;;;;;;;;
Universidad de Lleida;Espagne;2019-2020;ERASMUS;0;0;0;41,61878;0,57472;;;;;;;;;;;;;;;;;
Universidad de Zaragoza;Espagne;2019-2020;ERASMUS;0;0;0;42,5685618;-0,5541882;;;;;;;;;;;;;;;;;
UPV - Gandia;Espagne;2019-2020;ERASMUS;0;1;0;38,9833;-0,15;;;;;;;;;;;;;;;;;
UPV - ETSIAMN;Espagne;2019-2020;ERASMUS;0;1;0;39,4698;-0,3774;;;;;;;;;;;;;;;;;
"Hong Kong University 
";Chine;2020-2021;Bilatéral;0;0;0;22,26861;114,12924;;;;;;;;;;;;;;;;;
Kyungpook National University;Corée;2020-2021;Bilatéral;0;2;0;35,8905697;128,6108553;;;;;;;;;;;;;;;;;
University of Georgie;USA;2020-2021;Bilatéral;0;0;0;33,9404278;-83,373049;;;;;;;;;;;;;;;;;
Université Laval;Canada;2020-2021;Bilatéral;0;0;0;46,7815396;-71,2765369;;;;;;;;;;;;;;;;;
Sherbrooke University;Canada;2020-2021;Bilatéral;0;0;0;45,5051248;-73,573544;;;;;;;;;;;;;;;;;
St Petersburg Polytechnic University;Russie;2020-2021;Bilatéral;0;0;0;60,005928;30,3767416;;;;;;;;;;;;;;;;;
Universidad Nacional Agraria La Molina;Pérou;2020-2021;Bilatéral;0;0;0;-12,0880691;76,9466135;;;;;;;;;;;;;;;;;
Universidad Nacional San Marco;Pérou;2020-2021;Bilatéral;0;0;0;-12,0575838;-77,08326;;;;;;;;;;;;;;;;;
Western Sidney University;Australie;2020-2021;Bilatéral;0;0;0;-33,8879309;151,1850926;;;;;;;;;;;;;;;;;
Lincoln University;Nouvelle-Zélande;2020-2021;Bilatéral;0;0;0;-43,644314;172,4653325;;;;;;;;;;;;;;;;;
Auckland University;Nouvelle-Zélande;2020-2021;Bilatéral;0;0;0;-36,8660955;174,7737331;;;;;;;;;;;;;;;;;
University of Kwazulu-Natal;Afrique du Sud;2020-2021;Bilatéral;0;0;0;-29,8680551;30,978412;;;;;;;;;;;;;;;;;
Universidad Nacional de Quilmes;Argentine;2020-2021;ARFAGRI;0;0;0;-34,7063811;-58,2785207;;;;;;;;;;;;;;;;;
Universidad Nacional del Litoral;Argentine;2020-2021;ARFAGRI;0;0;0;-31,6346852;-60,7051461;;;;;;;;;;;;;;;;;
Universidad Nacional del Sur-Bahia Blanca;Argentine;2020-2021;ARFAGRI;0;0;0;-38,6943186;-62,247165;;;;;;;;;;;;;;;;;
Universidad de Rio Cuarto;Argentine;2020-2021;ARFAGRI;0;0;0;-33,1145141;-64,3016674;;;;;;;;;;;;;;;;;
Universidad Nacional de Cuyo;Argentine;2020-2021;ARFAGRI;0;0;0;-34,6126638;-68,3271322;;;;;;;;;;;;;;;;;
Universidad de Baja California - ENSENADA ;Mexique;2020-2021;MEXFITEC;0;0;0;31,856224;-116,608461;;;;;;;;;;;;;;;;;
Universidad de Guadalajara ;Mexique;2020-2021;MEXFITEC;0;0;0;20,67534065;-103,3589859;;;;;;;;;;;;;;;;;
Universidad Veracruzana;Mexique;2020-2021;MEXFITEC;0;0;0;20,524449;-97,4374069;;;;;;;;;;;;;;;;;
Universidad Autonoma de Yucatan;Mexique;2020-2021;MEXFITEC;0;0;0;20,9695859;-89,6230216;;;;;;;;;;;;;;;;;
Universidad de los Andes;Colombie;2020-2021;Bilatéral;0;0;0;4,6014047;-74,0649033;;;;;;;;;;;;;;;;;
Universidade Federal do Rio de Janeiro;Brésil;2020-2021;BRAFITEC;0;0;0;-22,8533498;-43,2331703;;;;;;;;;;;;;;;;;
Universidade se Sao Paulo - ESALQ;Brésil;2020-2021;BRAFIAGRI;0;0;0;-23,5879351;-46,6514106;;;;;;;;;;;;;;;;;
Universidade Estadual de Londrina;Brésil;2020-2021;BRAFAGRI;0;0;0;23,3249735;-51,201804;;;;;;;;;;;;;;;;;
"Escola Superior de Agricultura ""Luiz de Queiroz"" ESALQ
";Brésil;2020-2021;BRAFAGRI;0;0;0;-22,7075612;-47,6286357;;;;;;;;;;;;;;;;;
Universidade Estadual Paulista Julio de Mesquita Filho - UNESP;Brésil;2020-2021;BRAFITEC;0;0;0;-23,98138809;-48,88452911;;;;;;;;;;;;;;;;;
Universidade Federal Rural de Pernambuco;Brésil;2020-2021;BRAFAGRI;0;0;0;-8,0145172;-34,9508334;;;;;;;;;;;;;;;;;
USTH;Vietnam;2020-2021;Bilatéral;0;0;0;21,0245;105,84117;;;;;;;;;;;;;;;;;
Institut National Agronomique de Tunis;Tunisie;2020-2021;Bilatéral;0;0;0;36,8305938;10,1829614;;;;;;;;;;;;;;;;;
Université Libanaise;Liban;2020-2021;Bilatéral;0;0;0;33,8735083;35,5445186;;;;;;;;;;;;;;;;;
Universitat Gottingen;Allemagne;2020-2021;ERASMUS;0;2;0;51,5592251;9,9524442;;;;;;;;;;;;;;;;;
Universitat zu Kiel;Allemagne;2020-2021;ERASMUS;0;3;0;54,3458218;10,113073;;;;;;;;;;;;;;;;;
Universitat Bonn;Allemagne;2020-2021;ERASMUS;0;0;0;50,7054928;7,1298492;;;;;;;;;;;;;;;;;
Beuth Hochschule fu Technik Berlin;Allemagne;2020-2021;ERASMUS;0;0;0;52,52437;13,41053;;;;;;;;;;;;;;;;;
"Wageningen University
";Pays-bas;2020-2021;ERASMUS;0;0;0;51,985445;5,663212;;;;;;;;;;;;;;;;;
"Norwegian University of Life Sciences 
";Norvège;2020-2021;ERASMUS;0;0;0;59,667874;10,7617344;;;;;;;;;;;;;;;;;
NMBU;Norvège;2020-2021;ERASMUS;0;3;0;59,667874;10,7617344;;;;;;;;;;;;;;;;;
Latvia University of Life Sciences and Technologies;Lettonie;2020-2021;ERASMUS;0;1;0;56,950744;24,1160594;;;;;;;;;;;;;;;;;
"Corvinus University 
";Hongrie;2020-2021;ERASMUS;0;0;0;47,4863023;19,0580989;;;;;;;;;;;;;;;;;
"Godollo
";Hongrie;2020-2021;ERASMUS;0;0;0;47,5937498;19,3633947;;;;;;;;;;;;;;;;;
Buda;Hongrie;2020-2021;ERASMUS;0;5;0;47,4938673;19,0417582;;;;;;;;;;;;;;;;;
"University of Helsinki 
";Finlande;2020-2021;ERASMUS;0;8;0;60,1756483;24,95355;;;;;;;;;;;;;;;;;
Lund University;Suède;2020-2021;ERASMUS;0;0;0;55,7126504;13,2107587;;;;;;;;;;;;;;;;;
"Universita degli Studi di Padoue 
";Italie;2020-2021;ERASMUS;0;2;0;45,4036716;11,8768208;;;;;;;;;;;;;;;;;
Universita di Bari;Italie;2020-2021;ERASMUS;0;0;0;41,1076095;16,8830445;;;;;;;;;;;;;;;;;
Universita Bologna;Italie;2020-2021;ERASMUS;0;2;0;44,4351271;11,4857979;;;;;;;;;;;;;;;;;
"SRUC
";Ecosse;2020-2021;ERASMUS;0;0;0;55,9214073;-3,1770584;;;;;;;;;;;;;;;;;
"Maich 
";Grèce;2020-2021;ERASMUS;0;0;0;35,51124;24,02921;;;;;;;;;;;;;;;;;
Kavala;Grèce;2020-2021;ERASMUS;0;0;0;40,9369224;24,4122766;;;;;;;;;;;;;;;;;
Eastern Macedonia and Thrace Institute of Technology;Grèce;2020-2021;ERASMUS;0;0;0;40,5372069;23,0085438;;;;;;;;;;;;;;;;;
University of Rijeka;Croatie;2020-2021;ERASMUS;0;0;0;45,34306;14,40917;;;;;;;;;;;;;;;;;
"Boku
";Autriche;2020-2021;ERASMUS;0;5;0;48,2365408;16,3361712;;;;;;;;;;;;;;;;;
Management Center Innsbruck;Autriche;2020-2021;ERASMUS;0;3;0;47,2628163;11,3928823;;;;;;;;;;;;;;;;;
Universiteit Gent ;Belgique;2020-2021;ERASMUS;0;0;0;51,0359404;3,7232481;;;;;;;;;;;;;;;;;
Universiteit Leuven ;Belgique;2020-2021;ERASMUS;0;0;0;50,87959;4,70093;;;;;;;;;;;;;;;;;
Czech University ;République Tchèque;2020-2021;ERASMUS;0;3;0;50,1301754;14,3737163;;;;;;;;;;;;;;;;;
Mendel University in Brno;République Tchèque;2020-2021;ERASMUS;0;0;0;49,2107528;16,6158204;;;;;;;;;;;;;;;;;
University of Tech and Sciences in Bydgoszcz;Pologne;2020-2021;ERASMUS;0;0;0;53,1235;18,00762;;;;;;;;;;;;;;;;;
Universidad Politecnica de Valence;Espagne;2020-2021;ERASMUS;0;0;0;39,33333;-0,83333;;;;;;;;;;;;;;;;;
Universitad Politecnica de Madrid ;Espagne;2020-2021;ERASMUS;0;0;0;40,4404332;-3,7310299;;;;;;;;;;;;;;;;;
Universidad de Lleida;Espagne;2020-2021;ERASMUS;0;0;0;41,61878;0,57472;;;;;;;;;;;;;;;;;
Universidad de Zaragoza;Espagne;2020-2021;ERASMUS;0;0;0;42,5685618;-0,5541882;;;;;;;;;;;;;;;;;
UPV - Gandia;Espagne;2020-2021;ERASMUS;0;0;0;38,9833;-0,15;;;;;;;;;;;;;;;;;
UPV - ETSIAMN;Espagne;2020-2021;ERASMUS;0;3;0;39,4698;-0,3774;;;;;;;;;;;;;;;;;
Universidad de Valladolid;Espagne;2020-2021;ERASMUS;0;1;0;41,65518;-4,72372;;;;;;;;;;;;;;;;;
"Hong Kong University 
";Chine;2021-2022;Bilatéral;0;0;0;22,26861;114,12924;;;;;;;;;;;;;;;;;
Kyungpook National University;Corée;2021-2022;Bilatéral;0;1;0;35,8905697;128,6108553;;;;;;;;;;;;;;;;;
Inha University;Corée;2021-2022;Bilatéral;0;1;0;37,449443;126,6534446;;;;;;;;;;;;;;;;;
University of Georgie;USA;2021-2022;Bilatéral;0;0;0;33,9404278;-83,373049;;;;;;;;;;;;;;;;;
Université Laval;Canada;2021-2022;Bilatéral;0;6;0;46,7815396;-71,2765369;;;;;;;;;;;;;;;;;
Sherbrooke University;Canada;2021-2022;Bilatéral;0;0;0;45,5051248;-73,573544;;;;;;;;;;;;;;;;;
St Petersburg Polytechnic University;Russie;2021-2022;Bilatéral;0;0;0;60,005928;30,3767416;;;;;;;;;;;;;;;;;
Universidad Nacional Agraria La Molina;Pérou;2021-2022;Bilatéral;0;0;0;-12,0880691;76,9466135;;;;;;;;;;;;;;;;;
Universidad Nacional San Marco;Pérou;2021-2022;Bilatéral;0;0;0;-12,0575838;-77,08326;;;;;;;;;;;;;;;;;
Western Sidney University;Australie;2021-2022;Bilatéral;0;0;0;-33,8879309;151,1850926;;;;;;;;;;;;;;;;;
Lincoln University;Nouvelle-Zélande;2021-2022;Bilatéral;0;0;0;-43,644314;172,4653325;;;;;;;;;;;;;;;;;
Auckland University;Nouvelle-Zélande;2021-2022;Bilatéral;0;0;0;-36,8660955;174,7737331;;;;;;;;;;;;;;;;;
University of Kwazulu-Natal;Afrique du Sud;2021-2022;Bilatéral;0;0;0;-29,8680551;30,978412;;;;;;;;;;;;;;;;;
Universidad Nacional de Quilmes;Argentine;2021-2022;ARFAGRI;0;2;0;-34,7063811;-58,2785207;;;;;;;;;;;;;;;;;
Universidad Nacional del Litoral;Argentine;2021-2022;ARFAGRI;0;0;0;-31,6346852;-60,7051461;;;;;;;;;;;;;;;;;
Universidad Nacional del Sur-Bahia Blanca;Argentine;2021-2022;ARFAGRI;0;0;0;-38,6943186;-62,247165;;;;;;;;;;;;;;;;;
Universidad de Rio Cuarto;Argentine;2021-2022;ARFAGRI;0;0;0;-33,1145141;-64,3016674;;;;;;;;;;;;;;;;;
Universidad Nacional de Cuyo;Argentine;2021-2022;ARFAGRI;0;2;0;-34,6126638;-68,3271322;;;;;;;;;;;;;;;;;
Universidade Federal do Para;Brésil;2021-2022;BRAFAGRI;0;1;0;-1,4677334;-48,4435021;;;;;;;;;;;;;;;;;
Universidad de Baja California - ENSENADA ;Mexique;2021-2022;MEXFITEC;0;0;0;31,856224;-116,608461;;;;;;;;;;;;;;;;;
Universidad de Guadalajara ;Mexique;2021-2022;MEXFITEC;0;0;0;20,67534065;-103,3589859;;;;;;;;;;;;;;;;;
Universidad Veracruzana;Mexique;2021-2022;MEXFITEC;0;0;0;20,524449;-97,4374069;;;;;;;;;;;;;;;;;
Universidad Autonoma de Yucatan;Mexique;2021-2022;MEXFITEC;0;0;0;20,9695859;-89,6230216;;;;;;;;;;;;;;;;;
Universidad de los Andes;Colombie;2021-2022;Bilatéral;0;0;0;4,6014047;-74,0649033;;;;;;;;;;;;;;;;;
Universidade Federal do Rio de Janeiro;Brésil;2021-2022;BRAFITEC;0;0;0;-22,8533498;-43,2331703;;;;;;;;;;;;;;;;;
Universidade se Sao Paulo - ESALQ;Brésil;2021-2022;BRAFIAGRI;0;1;0;-23,5879351;-46,6514106;;;;;;;;;;;;;;;;;
Universidade Estadual de Londrina;Brésil;2021-2022;BRAFAGRI;0;0;0;23,3249735;-51,201804;;;;;;;;;;;;;;;;;
"Escola Superior de Agricultura ""Luiz de Queiroz"" ESALQ
";Brésil;2021-2022;BRAFAGRI;0;0;0;-22,7075612;-47,6286357;;;;;;;;;;;;;;;;;
Universidade Estadual Paulista Julio de Mesquita Filho - UNESP;Brésil;2021-2022;BRAFITEC;0;0;0;-23,98138809;-48,88452911;;;;;;;;;;;;;;;;;
Universidade Federal Rural de Pernambuco;Brésil;2021-2022;BRAFAGRI;0;0;0;-8,0145172;-34,9508334;;;;;;;;;;;;;;;;;
USTH;Vietnam;2021-2022;Bilatéral;0;2;0;21,0245;105,84117;;;;;;;;;;;;;;;;;
Institut National Agronomique de Tunis;Tunisie;2021-2022;Bilatéral;0;0;0;36,8305938;10,1829614;;;;;;;;;;;;;;;;;
Université Libanaise;Liban;2021-2022;Bilatéral;0;0;0;33,8735083;35,5445186;;;;;;;;;;;;;;;;;
Universitat Gottingen;Allemagne;2021-2022;ERASMUS;0;0;0;51,5592251;9,9524442;;;;;;;;;;;;;;;;;
Universitat zu Kiel;Allemagne;2021-2022;ERASMUS;0;2;0;54,3458218;10,113073;;;;;;;;;;;;;;;;;
Universitat Bonn;Allemagne;2021-2022;ERASMUS;0;3;0;50,7054928;7,1298492;;;;;;;;;;;;;;;;;
Beuth Hochschule fu Technik Berlin;Allemagne;2021-2022;ERASMUS;0;0;0;52,52437;13,41053;;;;;;;;;;;;;;;;;
"Wageningen University
";Pays-bas;2021-2022;ERASMUS;0;2;0;51,985445;5,663212;;;;;;;;;;;;;;;;;
"Norwegian University of Life Sciences 
";Norvège;2021-2022;ERASMUS;0;0;0;59,667874;10,7617344;;;;;;;;;;;;;;;;;
NMBU;Norvège;2021-2022;ERASMUS;0;3;0;59,667874;10,7617344;;;;;;;;;;;;;;;;;
Latvia University of Life Sciences and Technologies;Lettonie;2021-2022;ERASMUS;0;2;0;56,950744;24,1160594;;;;;;;;;;;;;;;;;
"Corvinus University 
";Hongrie;2021-2022;ERASMUS;0;0;0;47,4863023;19,0580989;;;;;;;;;;;;;;;;;
"Godollo
";Hongrie;2021-2022;ERASMUS;0;0;0;47,5937498;19,3633947;;;;;;;;;;;;;;;;;
Buda;Hongrie;2021-2022;ERASMUS;0;3;0;47,4938673;19,0417582;;;;;;;;;;;;;;;;;
"University of Helsinki 
";Finlande;2021-2022;ERASMUS;0;0;0;60,1756483;24,95355;;;;;;;;;;;;;;;;;
Lund University;Suède;2021-2022;ERASMUS;0;1;0;55,7126504;13,2107587;;;;;;;;;;;;;;;;;
"Universita degli Studi di Padoue 
";Italie;2021-2022;ERASMUS;0;2;0;45,4036716;11,8768208;;;;;;;;;;;;;;;;;
Universita di Bari;Italie;2021-2022;ERASMUS;0;1;0;41,1076095;16,8830445;;;;;;;;;;;;;;;;;
Universita Bologna;Italie;2021-2022;ERASMUS;0;5;0;44,4351271;11,4857979;;;;;;;;;;;;;;;;;
"SRUC
";Ecosse;2021-2022;ERASMUS;0;0;0;55,9214073;-3,1770584;;;;;;;;;;;;;;;;;
"Maich 
";Grèce;2021-2022;ERASMUS;0;0;0;35,51124;24,02921;;;;;;;;;;;;;;;;;
Kavala;Grèce;2021-2022;ERASMUS;0;0;0;40,9369224;24,4122766;;;;;;;;;;;;;;;;;
Eastern Macedonia and Thrace Institute of Technology;Grèce;2021-2022;ERASMUS;0;0;0;40,5372069;23,0085438;;;;;;;;;;;;;;;;;
University of Rijeka;Croatie;2021-2022;ERASMUS;0;0;0;45,34306;14,40917;;;;;;;;;;;;;;;;;
"Boku
";Autriche;2021-2022;ERASMUS;0;5;0;48,2365408;16,3361712;;;;;;;;;;;;;;;;;
Management Center Innsbruck;Autriche;2021-2022;ERASMUS;0;1;0;47,2628163;11,3928823;;;;;;;;;;;;;;;;;
Universiteit Gent ;Belgique;2021-2022;ERASMUS;0;1;0;51,0359404;3,7232481;;;;;;;;;;;;;;;;;
Universiteit Leuven ;Belgique;2021-2022;ERASMUS;0;2;0;50,87959;4,70093;;;;;;;;;;;;;;;;;
Université de Liège : Faculté de Gembloux Agro-Bio Tech;Belgique;2021-2022;ERASMUS;0;2;0;50,5621236;4,6943549;;;;;;;;;;;;;;;;;
Czech University ;République Tchèque;2021-2022;ERASMUS;0;10;0;50,1301754;14,3737163;;;;;;;;;;;;;;;;;
Mendel University in Brno;République Tchèque;2021-2022;ERASMUS;0;0;0;49,2107528;16,6158204;;;;;;;;;;;;;;;;;
University of Tech and Sciences in Bydgoszcz;Pologne;2021-2022;ERASMUS;0;0;0;53,1235;18,00762;;;;;;;;;;;;;;;;;
Universidad Politecnica de Valence;Espagne;2021-2022;ERASMUS;0;0;0;39,33333;-0,83333;;;;;;;;;;;;;;;;;
Universitad Politecnica de Madrid ;Espagne;2021-2022;ERASMUS;0;0;0;40,4404332;-3,7310299;;;;;;;;;;;;;;;;;
Universidad de Lleida;Espagne;2021-2022;ERASMUS;0;0;0;41,61878;0,57472;;;;;;;;;;;;;;;;;
Universidad de Zaragoza;Espagne;2021-2022;ERASMUS;0;0;0;42,5685618;-0,5541882;;;;;;;;;;;;;;;;;
UPV - Gandia;Espagne;2021-2022;ERASMUS;0;0;0;38,9833;-0,15;;;;;;;;;;;;;;;;;
UPV - ETSIAMN;Espagne;2021-2022;ERASMUS;0;2;0;39,4698;-0,3774;;;;;;;;;;;;;;;;;
UPV - ETSIAAB;Espagne;2021-2022;ERASMUS;0;2;0;39,4698;-0,3774;;;;;;;;;;;;;;;;;
Universidad de Valladolid;Espagne;2021-2022;ERASMUS;0;0;0;41,65518;-4,72372;;;;;;;;;;;;;;;;;
"Hong Kong University 
";Chine;2022-2023;Bilatéral;0;0;0;22,26861;114,12924;;;;;;;;;;;;;;;;;
Kyungpook National University;Corée;2022-2023;Bilatéral;0;0;0;35,8905697;128,6108553;;;;;;;;;;;;;;;;;
Inha University;Corée;2022-2023;Bilatéral;0;0;0;37,449443;126,6534446;;;;;;;;;;;;;;;;;
University of Georgie;USA;2022-2023;Bilatéral;0;0;0;33,9404278;-83,373049;;;;;;;;;;;;;;;;;
Université Laval;Canada;2022-2023;Bilatéral;1;0;0;46,7815396;-71,2765369;;;;;;;;;;;;;;;;;
Sherbrooke University;Canada;2022-2023;Bilatéral;0;0;0;45,5051248;-73,573544;;;;;;;;;;;;;;;;;
St Petersburg Polytechnic University;Russie;2022-2023;Bilatéral;0;0;0;60,005928;30,3767416;;;;;;;;;;;;;;;;;
Universidad Nacional Agraria La Molina;Pérou;2022-2023;Bilatéral;0;0;0;-12,0880691;76,9466135;;;;;;;;;;;;;;;;;
Universidad Nacional San Marco;Pérou;2022-2023;Bilatéral;0;0;0;-12,0575838;-77,08326;;;;;;;;;;;;;;;;;
Western Sidney University;Australie;2022-2023;Bilatéral;0;0;0;-33,8879309;151,1850926;;;;;;;;;;;;;;;;;
Lincoln University;Nouvelle-Zélande;2022-2023;Bilatéral;0;0;0;-43,644314;172,4653325;;;;;;;;;;;;;;;;;
Auckland University;Nouvelle-Zélande;2022-2023;Bilatéral;0;0;0;-36,8660955;174,7737331;;;;;;;;;;;;;;;;;
University of Kwazulu-Natal;Afrique du Sud;2022-2023;Bilatéral;0;0;0;-29,8680551;30,978412;;;;;;;;;;;;;;;;;
Universidad Nacional de Quilmes;Argentine;2022-2023;ARFAGRI;0;0;0;-34,7063811;-58,2785207;;;;;;;;;;;;;;;;;
Universidad Nacional del Litoral;Argentine;2022-2023;ARFAGRI;0;0;0;-31,6346852;-60,7051461;;;;;;;;;;;;;;;;;
Universidad Nacional del Sur-Bahia Blanca;Argentine;2022-2023;ARFAGRI;0;0;0;-38,6943186;-62,247165;;;;;;;;;;;;;;;;;
Universidad de Rio Cuarto;Argentine;2022-2023;ARFAGRI;0;0;0;-33,1145141;-64,3016674;;;;;;;;;;;;;;;;;
Universidad Nacional de Cuyo;Argentine;2022-2023;ARFAGRI;0;0;0;-34,6126638;-68,3271322;;;;;;;;;;;;;;;;;
Universidad Federal do Para;Brésil;2022-2023;ARFAGRI;0;0;0;-1,4677334;-48,4435021;;;;;;;;;;;;;;;;;
Universidad de Baja California - ENSENADA ;Mexique;2022-2023;MEXFITEC;0;0;0;31,856224;-116,608461;;;;;;;;;;;;;;;;;
Universidad de Guadalajara ;Mexique;2022-2023;MEXFITEC;0;0;0;20,67534065;-103,3589859;;;;;;;;;;;;;;;;;
Universidad Veracruzana;Mexique;2022-2023;MEXFITEC;0;0;0;20,524449;-97,4374069;;;;;;;;;;;;;;;;;
Universidad Autonoma de Yucatan;Mexique;2022-2023;MEXFITEC;0;0;0;20,9695859;-89,6230216;;;;;;;;;;;;;;;;;
Universidad de los Andes;Colombie;2022-2023;Bilatéral;0;0;0;4,6014047;-74,0649033;;;;;;;;;;;;;;;;;
Universidade Federal do Rio de Janeiro;Brésil;2022-2023;BRAFITEC;0;0;0;-22,8533498;-43,2331703;;;;;;;;;;;;;;;;;
Universidade se Sao Paulo - ESALQ;Brésil;2022-2023;BRAFIAGRI;0;0;0;-23,5879351;-46,6514106;;;;;;;;;;;;;;;;;
Universidade Estadual de Londrina;Brésil;2022-2023;BRAFAGRI;0;0;0;23,3249735;-51,201804;;;;;;;;;;;;;;;;;
"Escola Superior de Agricultura ""Luiz de Queiroz"" ESALQ
";Brésil;2022-2023;BRAFAGRI;0;0;0;-22,7075612;-47,6286357;;;;;;;;;;;;;;;;;
Universidade Estadual Paulista Julio de Mesquita Filho - UNESP;Brésil;2022-2023;BRAFITEC;0;0;0;-23,98138809;-48,88452911;;;;;;;;;;;;;;;;;
Universidade Federal Rural de Pernambuco;Brésil;2022-2023;BRAFAGRI;0;0;0;-8,0145172;-34,9508334;;;;;;;;;;;;;;;;;
USTH;Vietnam;2022-2023;Bilatéral;0;0;0;21,0245;105,84117;;;;;;;;;;;;;;;;;
Institut National Agronomique de Tunis;Tunisie;2022-2023;Bilatéral;0;0;0;36,8305938;10,1829614;;;;;;;;;;;;;;;;;
Université Libanaise;Liban;2022-2023;Bilatéral;0;0;0;33,8735083;35,5445186;;;;;;;;;;;;;;;;;
Universitat Gottingen;Allemagne;2022-2023;ERASMUS;0;0;0;51,5592251;9,9524442;;;;;;;;;;;;;;;;;
Universitat zu Kiel;Allemagne;2022-2023;ERASMUS;0;0;0;54,3458218;10,113073;;;;;;;;;;;;;;;;;
Universitat Bonn;Allemagne;2022-2023;ERASMUS;1;0;0;50,7054928;7,1298492;;;;;;;;;;;;;;;;;
Beuth Hochschule fu Technik Berlin;Allemagne;2022-2023;ERASMUS;0;0;0;52,52437;13,41053;;;;;;;;;;;;;;;;;
"Wageningen University
";Pays-bas;2022-2023;ERASMUS;0;0;0;51,985445;5,663212;;;;;;;;;;;;;;;;;
"Norwegian University of Life Sciences 
";Norvège;2022-2023;ERASMUS;0;0;0;59,667874;10,7617344;;;;;;;;;;;;;;;;;
NMBU;Norvège;2022-2023;ERASMUS;0;0;0;59,667874;10,7617344;;;;;;;;;;;;;;;;;
Latvia University of Life Sciences and Technologies;Lettonie;2022-2023;ERASMUS;0;0;0;56,950744;24,1160594;;;;;;;;;;;;;;;;;
"Corvinus University 
";Hongrie;2022-2023;ERASMUS;0;0;0;47,4863023;19,0580989;;;;;;;;;;;;;;;;;
"Godollo
";Hongrie;2022-2023;ERASMUS;0;0;0;47,5937498;19,3633947;;;;;;;;;;;;;;;;;
Buda;Hongrie;2022-2023;ERASMUS;0;0;0;47,4938673;19,0417582;;;;;;;;;;;;;;;;;
"University of Helsinki 
";Finlande;2022-2023;ERASMUS;0;0;0;60,1756483;24,95355;;;;;;;;;;;;;;;;;
Lund University;Suède;2022-2023;ERASMUS;0;0;0;55,7126504;13,2107587;;;;;;;;;;;;;;;;;
"Universita degli Studi di Padoue 
";Italie;2022-2023;ERASMUS;0;0;0;45,4036716;11,8768208;;;;;;;;;;;;;;;;;
Universita di Bari;Italie;2022-2023;ERASMUS;0;0;0;41,1076095;16,8830445;;;;;;;;;;;;;;;;;
Universita Bologna;Italie;2022-2023;ERASMUS;0;0;0;44,4351271;11,4857979;;;;;;;;;;;;;;;;;
"SRUC
";Ecosse;2022-2023;ERASMUS;0;0;0;55,9214073;-3,1770584;;;;;;;;;;;;;;;;;
"Maich 
";Grèce;2022-2023;ERASMUS;0;0;0;35,51124;24,02921;;;;;;;;;;;;;;;;;
Kavala;Grèce;2022-2023;ERASMUS;0;0;0;40,9369224;24,4122766;;;;;;;;;;;;;;;;;
Eastern Macedonia and Thrace Institute of Technology;Grèce;2022-2023;ERASMUS;0;0;0;40,5372069;23,0085438;;;;;;;;;;;;;;;;;
University of Rijeka;Croatie;2022-2023;ERASMUS;0;0;0;45,34306;14,40917;;;;;;;;;;;;;;;;;
"Boku
";Autriche;2022-2023;ERASMUS;2;0;0;48,2365408;16,3361712;;;;;;;;;;;;;;;;;
Management Center Innsbruck;Autriche;2022-2023;ERASMUS;0;0;0;47,2628163;11,3928823;;;;;;;;;;;;;;;;;
Universiteit Gent ;Belgique;2022-2023;ERASMUS;0;0;0;51,0359404;3,7232481;;;;;;;;;;;;;;;;;
Universiteit Leuven ;Belgique;2022-2023;ERASMUS;1;0;0;50,87959;4,70093;;;;;;;;;;;;;;;;;
Université de Liège : Faculté de Gembloux Agro-Bio Tech;Belgique;2022-2023;ERASMUS;0;0;0;50,5621236;4,6943549;;;;;;;;;;;;;;;;;
Czech University ;République Tchèque;2022-2023;ERASMUS;1;0;0;50,1301754;14,3737163;;;;;;;;;;;;;;;;;
Mendel University in Brno;République Tchèque;2022-2023;ERASMUS;0;0;0;49,2107528;16,6158204;;;;;;;;;;;;;;;;;
University of Tech and Sciences in Bydgoszcz;Pologne;2022-2023;ERASMUS;0;0;0;53,1235;18,00762;;;;;;;;;;;;;;;;;
Universidad Politecnica de Valence;Espagne;2022-2023;ERASMUS;0;0;0;39,33333;-0,83333;;;;;;;;;;;;;;;;;
Universitad Politecnica de Madrid ;Espagne;2022-2023;ERASMUS;0;0;0;40,4404332;-3,7310299;;;;;;;;;;;;;;;;;
Universidad de Lleida;Espagne;2022-2023;ERASMUS;0;0;0;41,61878;0,57472;;;;;;;;;;;;;;;;;
Universidad de Zaragoza;Espagne;2022-2023;ERASMUS;0;0;0;42,5685618;-0,5541882;;;;;;;;;;;;;;;;;
UPV - Gandia;Espagne;2022-2023;ERASMUS;0;0;0;38,9833;-0,15;;;;;;;;;;;;;;;;;
UPV - ETSIAMN;Espagne;2022-2023;ERASMUS;0;0;0;39,4698;-0,3774;;;;;;;;;;;;;;;;;
UPV - ETSIAAB;Espagne;2022-2023;ERASMUS;0;0;0;39,4698;-0,3774;;;;;;;;;;;;;;;;;
Universidad de Valladolid;Espagne;2022-2023;ERASMUS;0;0;0;41,65518;-4,72372;;;;;;;;;;;;;;;;;
